{"resnetv24_stage2__plus3": [-2.085235595703125, 2.2854843139648438], "resnetv24_stage4_activation4": [0.0, 2.9558606147766113], "resnetv24_stage2__plus2": [-2.0475881099700928, 1.9430303573608398], "resnetv24_stage3_conv8_fwd": [-1.3485572338104248, 1.2205564975738525], "resnetv24_batchnorm0_fwd": [-1.5838936567306519, 2.2047784328460693], "resnetv24_stage2_conv8_fwd": [-1.5799871683120728, 1.5986679792404175], "resnetv24_dense0_fwd": [-10.709425926208496, 34.82334518432617], "resnetv24_stage1__plus1": [-5.113986968994141, 4.377862453460693], "resnetv24_stage4_batchnorm7_fwd": [-3.4536490440368652, 4.144805431365967], "resnetv24_stage3_batchnorm16_fwd": [-2.2469735145568848, 3.3233020305633545], "resnetv24_stage1__plus0": [-4.6020402908325195, 4.226072788238525], "resnetv24_stage3_activation7": [0.0, 2.930462121963501], "resnetv24_stage1_batchnorm7_fwd": [-2.57076096534729, 2.1394221782684326], "resnetv24_relu0_fwd": [0.0, 1.9230562448501587], "resnetv24_stage3_conv0_fwd": [-0.8776457905769348, 1.1227692365646362], "resnetv24_stage3_conv7_fwd": [-0.46432799100875854, 0.6804007291793823], "resnetv24_stage3_batchnorm9_fwd": [-1.292558193206787, 1.2690281867980957], "resnetv24_stage1_batchnorm3_fwd": [-3.9992640018463135, 2.121936798095703], "resnetv24_stage3_conv16_fwd": [-0.847797155380249, 0.6646859049797058], "resnetv24_stage1_conv0_fwd": [-4.971246719360352, 5.817012310028076], "resnetv24_stage3__plus0": [-1.0966094732284546, 1.2035188674926758], "resnetv24_stage4_conv5_fwd": [-1.3658450841903687, 1.9086618423461914], "resnetv24_stage2_conv4_fwd": [-0.4678976535797119, 0.571632981300354], "resnetv24_stage3_activation10": [0.0, 2.7324557304382324], "resnetv24_stage3_batchnorm17_fwd": [-3.1283693313598633, 3.9090113639831543], "resnetv24_stage2_conv2_fwd": [-1.3387951850891113, 1.0300143957138062], "resnetv24_stage2_activation6": [0.0, 1.6109641790390015], "resnetv24_stage4_activation6": [0.0, 1.9495408535003662], "resnetv24_stage1_batchnorm0_fwd": [-2.4599790573120117, 5.046555519104004], "resnetv24_flatten0_reshape0": [0.0, 8.762909889221191], "resnetv24_stage3__plus4": [-1.9583625793457031, 1.84560227394104], "resnetv24_stage3_activation8": [0.0, 2.1440908908843994], "resnetv24_stage4__plus2": [-1.2525279521942139, 2.812391757965088], "resnetv24_stage2_batchnorm1_fwd": [-2.5575826168060303, 3.565276622772217], "resnetv24_stage4_activation5": [0.0, 1.7721394300460815], "resnetv24_stage1_conv8_fwd": [-1.2605632543563843, 1.1730164289474487], "resnetv24_stage2_batchnorm4_fwd": [-1.0579440593719482, 1.689411997795105], "resnetv24_stage4_batchnorm6_fwd": [-2.142460584640503, 1.9495408535003662], "resnetv24_stage4_conv3_fwd": [-0.20745204389095306, 0.26497939229011536], "resnetv24_stage3_batchnorm10_fwd": [-1.7144532203674316, 2.7324557304382324], "resnetv24_stage3_conv11_fwd": [-1.3296639919281006, 1.266282081604004], "resnetv24_stage1_activation2": [0.0, 2.3014235496520996], "resnetv24_stage4_activation1": [0.0, 3.5423433780670166], "resnetv24_stage1_batchnorm8_fwd": [-4.483353614807129, 4.602385997772217], "resnetv24_stage4_batchnorm3_fwd": [-1.5678420066833496, 1.2320152521133423], "resnetv24_stage2_activation2": [0.0, 2.4556708335876465], "resnetv24_pool1_fwd": [0.0, 8.762909889221191], "resnetv24_stage3_conv10_fwd": [-0.5212047100067139, 0.6284232139587402], "resnetv24_stage1_activation3": [0.0, 2.121936798095703], "resnetv24_stage1_conv9_fwd": [-1.3423343896865845, 1.2525749206542969], "resnetv24_relu1_fwd": [0.0, 22.23043441772461], "resnetv24_stage3_activation15": [0.0, 1.4291317462921143], "resnetv24_stage2_batchnorm9_fwd": [-1.36446213722229, 1.9238743782043457], "resnetv24_stage4_conv2_fwd": [-0.3610507547855377, 0.560511589050293], "resnetv24_stage4_conv8_fwd": [-1.0962841510772705, 1.0591152906417847], "resnetv24_stage2_batchnorm10_fwd": [-1.6599429845809937, 2.0502219200134277], "resnetv24_stage3_conv17_fwd": [-1.09447181224823, 1.3116973638534546], "resnetv24_stage3_activation13": [0.0, 2.4879002571105957], "resnetv24_stage3_conv18_fwd": [-1.2446820735931396, 1.0897579193115234], "resnetv24_stage3_conv3_fwd": [-0.7084728479385376, 0.5584235191345215], "resnetv24_stage4_conv4_fwd": [-0.4947449564933777, 0.4831148684024811], "resnetv24_stage4_batchnorm8_fwd": [-5.659602165222168, 6.109285831451416], "resnetv24_stage3_batchnorm15_fwd": [-1.2650988101959229, 1.4291317462921143], "resnetv24_stage1_conv5_fwd": [-1.5379102230072021, 2.4428012371063232], "resnetv24_stage2_batchnorm0_fwd": [-4.511314392089844, 2.564584255218506], "resnetv24_stage3_activation17": [0.0, 3.9090113639831543], "resnetv24_stage4_activation2": [0.0, 1.8812733888626099], "resnetv24_stage2_conv11_fwd": [-1.135581135749817, 1.300190806388855], "resnetv24_stage2__plus1": [-1.8345086574554443, 1.2960313558578491], "resnetv24_stage1_batchnorm4_fwd": [-2.6281521320343018, 3.8862991333007812], "resnetv24_stage2_conv12_fwd": [-0.7834672331809998, 1.0935074090957642], "resnetv24_stage1_activation7": [0.0, 2.1394221782684326], "resnetv24_batchnorm2_fwd": [-8.315485954284668, 22.23043441772461], "resnetv24_stage2_batchnorm11_fwd": [-2.4717867374420166, 2.6983284950256348], "resnetv24_stage1_activation1": [0.0, 2.224243402481079], "resnetv24_stage2_activation3": [0.0, 1.283868670463562], "resnetv24_stage2_activation0": [0.0, 2.564584255218506], "resnetv24_stage4_batchnorm5_fwd": [-1.8426481485366821, 1.7721394300460815], "resnetv24_stage3_batchnorm8_fwd": [-2.7407116889953613, 2.1440908908843994], "resnetv24_stage1_batchnorm1_fwd": [-5.3492279052734375, 2.224243402481079], "resnetv24_stage4_batchnorm2_fwd": [-1.5433785915374756, 1.8812733888626099], "resnetv24_stage2__plus0": [-1.4033019542694092, 1.1051257848739624], "resnetv24_stage2_batchnorm5_fwd": [-2.726269483566284, 2.0805928707122803], "resnetv24_stage2_activation9": [0.0, 1.9238743782043457], "resnetv24_stage4__plus1": [-0.6500675678253174, 0.8344850540161133], "resnetv24_stage3__plus1": [-1.0823291540145874, 1.2562193870544434], "resnetv24_stage2_batchnorm6_fwd": [-1.978495478630066, 1.6109641790390015], "resnetv24_stage1_batchnorm5_fwd": [-4.16222620010376, 3.1195130348205566], "resnetv24_stage2_batchnorm3_fwd": [-1.5133661031723022, 1.283868670463562], "resnetv24_stage3_conv6_fwd": [-0.6448624730110168, 0.709425687789917], "resnetv24_stage4__plus0": [-0.41928282380104065, 0.6292647123336792], "resnetv24_stage1_conv4_fwd": [-0.6696704626083374, 0.7593455910682678], "resnetv24_stage3_activation9": [0.0, 1.2690281867980957], "resnetv24_stage2_batchnorm8_fwd": [-2.113646984100342, 2.186166286468506], "resnetv24_stage2_conv1_fwd": [-2.508572816848755, 1.9965684413909912], "resnetv24_stage3_activation1": [0.0, 4.571866989135742], "resnetv24_stage3_batchnorm7_fwd": [-1.3215086460113525, 2.930462121963501], "resnetv24_stage3_activation11": [0.0, 2.770862340927124], "resnetv24_stage3_batchnorm6_fwd": [-1.4995969533920288, 1.2402920722961426], "resnetv24_stage3_conv2_fwd": [-0.7177186012268066, 0.9783762097358704], "resnetv24_stage3_activation0": [0.0, 2.4098119735717773], "resnetv24_stage1_activation5": [0.0, 3.1195130348205566], "resnetv24_stage2_activation11": [0.0, 2.6983284950256348], "resnetv24_stage3_batchnorm4_fwd": [-1.6349529027938843, 2.887336254119873], "resnetv24_stage3_activation16": [0.0, 3.3233020305633545], "resnetv24_stage4_conv1_fwd": [-1.6065858602523804, 2.7626936435699463], "resnetv24_stage2_activation1": [0.0, 3.565276622772217], "resnetv24_stage2_conv6_fwd": [-1.7521950006484985, 1.022659182548523], "resnetv24_stage2_activation10": [0.0, 2.0502219200134277], "resnetv24_stage3_batchnorm1_fwd": [-3.1164133548736572, 4.571866989135742], "resnetv24_stage4_activation0": [0.0, 1.431741714477539], "resnetv24_stage4_activation8": [0.0, 6.109285831451416], "resnetv24_stage2_activation4": [0.0, 1.689411997795105], "resnetv24_stage3__plus5": [-1.9878976345062256, 2.4157538414001465], "resnetv24_stage1_batchnorm6_fwd": [-4.084115028381348, 1.6235400438308716],